<annotation>
	<folder>data</folder>
	<filename>1660818867858.jpg</filename>
	<path>C:\Users\sipeed\Desktop\fomo\data\1660818867858.jpg</path>
	<source>
		<database>Unknown</database>
	</source>
	<size>
		<width>128</width>
		<height>128</height>
		<depth>3</depth>
	</size>
	<segmented>0</segmented>
	<object>
		<name>beizi</name>
		<pose>Unspecified</pose>
		<truncated>0</truncated>
		<difficult>0</difficult>
		<bndbox>
			<xmin>82</xmin>
			<ymin>61</ymin>
			<xmax>109</xmax>
			<ymax>104</ymax>
		</bndbox>
	</object>
</annotation>
