<annotation>
	<folder>img</folder>
	<filename>1661157807196.jpg</filename>
	<path>C:\Users\sipeed\Desktop\fomo\data\train\img\1661157807196.jpg</path>
	<source>
		<database>Unknown</database>
	</source>
	<size>
		<width>128</width>
		<height>128</height>
		<depth>3</depth>
	</size>
	<segmented>0</segmented>
	<object>
		<name>beizi</name>
		<pose>Unspecified</pose>
		<truncated>0</truncated>
		<difficult>0</difficult>
		<bndbox>
			<xmin>69</xmin>
			<ymin>33</ymin>
			<xmax>114</xmax>
			<ymax>97</ymax>
		</bndbox>
	</object>
</annotation>
